Dyann,Xerxes,17,Dyann.Xerxes@essca.eu
Cassondra,McCutcheon,19,Cassondra.McCutcheon@essca.eu
Dominga,Goerke,9,Dominga.Goerke@essca.eu
Hildegaard,McCutcheon,17,Hildegaard.McCutcheon@essca.eu
Cyndie,Henebry,17,Cyndie.Henebry@essca.eu
Babita,Pitt,8,Babita.Pitt@essca.eu
Estell,Alva,8,Estell.Alva@essca.eu
Wileen,Nicoline,18,Wileen.Nicoline@essca.eu
Doralynne,Annice,18,Doralynne.Annice@essca.eu
Demetris,Cassius,8,Demetris.Cassius@essca.eu
Libbie,Sherrie,19,Libbie.Sherrie@essca.eu
Stephanie,Fiester,19,Stephanie.Fiester@essca.eu
Layla,Alabaster,9,Layla.Alabaster@essca.eu
Isa,Malanie,8,Isa.Malanie@essca.eu
Evaleen,Ellerey,9,Evaleen.Ellerey@essca.eu
Sybille,Autrey,8,Sybille.Autrey@essca.eu
Barbara,Henrie,8,Barbara.Henrie@essca.eu
Sidoney,Dom,8,Sidoney.Dom@essca.eu
Tatiania,Ehrman,19,Tatiania.Ehrman@essca.eu
Nerta,Pettiford,17,Nerta.Pettiford@essca.eu
Shandie,Suzetta,9,Shandie.Suzetta@essca.eu
Almeta,Philipp,8,Almeta.Philipp@essca.eu
Silvana,Cleo,17,Silvana.Cleo@essca.eu
Jacquetta,Ovid,9,Jacquetta.Ovid@essca.eu
Leanna,Berriman,17,Leanna.Berriman@essca.eu
Yvonne,Lunsford,9,Yvonne.Lunsford@essca.eu
Zia,Stefa,8,Zia.Stefa@essca.eu
Leeanne,Fleeta,9,Leeanne.Fleeta@essca.eu
Talya,Rad,9,Talya.Rad@essca.eu
Ingrid,Jehu,8,Ingrid.Jehu@essca.eu
Fredericka,Gaal,17,Fredericka.Gaal@essca.eu
Dede,Hull,9,Dede.Hull@essca.eu
Aubrie,Vivle,17,Aubrie.Vivle@essca.eu
Meriel,Libna,8,Meriel.Libna@essca.eu
Larine,Jorgan,19,Larine.Jorgan@essca.eu
Dode,Delila,17,Dode.Delila@essca.eu
Robinia,Kare,19,Robinia.Kare@essca.eu
Candy,Creamer,19,Candy.Creamer@essca.eu
Lusa,Sundin,18,Lusa.Sundin@essca.eu
Tiffie,Secrest,7,Tiffie.Secrest@essca.eu
Ilse,Dunkin,17,Ilse.Dunkin@essca.eu
Kate,Read,9,Kate.Read@essca.eu
Olivette,Jary,17,Olivette.Jary@essca.eu
Paola,Ethban,8,Paola.Ethban@essca.eu
Annora,Danby,18,Annora.Danby@essca.eu
Doro,Chem,19,Doro.Chem@essca.eu
Myriam,Alcott,17,Myriam.Alcott@essca.eu
Constance,Konyn,7,Constance.Konyn@essca.eu
Kamilah,Henebry,8,Kamilah.Henebry@essca.eu
Blondelle,Grayce,8,Blondelle.Grayce@essca.eu
Steffane,Adalbert,17,Steffane.Adalbert@essca.eu
Trudie,Amethist,9,Trudie.Amethist@essca.eu
Brianna,Salchunas,7,Brianna.Salchunas@essca.eu
Ann-Marie,Ioab,8,Ann-Marie.Ioab@essca.eu
Lindie,Goerke,19,Lindie.Goerke@essca.eu
Gisela,Blake,8,Gisela.Blake@essca.eu
Petronia,Ciro,19,Petronia.Ciro@essca.eu
Sharai,Stoller,8,Sharai.Stoller@essca.eu
Frances,Plato,7,Frances.Plato@essca.eu
Bertine,Fredi,9,Bertine.Fredi@essca.eu
Kary,Nicoline,18,Kary.Nicoline@essca.eu
Gui,Thunell,17,Gui.Thunell@essca.eu
Madeleine,Ochs,18,Madeleine.Ochs@essca.eu
Antonietta,Nerita,19,Antonietta.Nerita@essca.eu
Sindee,Vanni,18,Sindee.Vanni@essca.eu
Dorene,Mayeda,19,Dorene.Mayeda@essca.eu
Genevra,Tjon,17,Genevra.Tjon@essca.eu
Adelle,LaRue,19,Adelle.LaRue@essca.eu
Oona,Lipson,9,Oona.Lipson@essca.eu
Kirstin,Vanni,17,Kirstin.Vanni@essca.eu
Lisette,Serilda,17,Lisette.Serilda@essca.eu
Atlanta,Himelman,19,Atlanta.Himelman@essca.eu
Teddie,Sidonius,18,Teddie.Sidonius@essca.eu
Tori,Zina,17,Tori.Zina@essca.eu
Petronia,Ariella,7,Petronia.Ariella@essca.eu
Zaria,Millda,18,Zaria.Millda@essca.eu
Deane,Teryn,7,Deane.Teryn@essca.eu
Dominga,Firmin,8,Dominga.Firmin@essca.eu
Beatriz,Naashom,9,Beatriz.Naashom@essca.eu
Berget,Darbie,9,Berget.Darbie@essca.eu
Trudie,Ashok,9,Trudie.Ashok@essca.eu
Georgetta,Fink,8,Georgetta.Fink@essca.eu
Raquela,Noman,19,Raquela.Noman@essca.eu
Kathy,Kosey,17,Kathy.Kosey@essca.eu
Jasmina,Morgun,7,Jasmina.Morgun@essca.eu
Tressa,Mitzi,19,Tressa.Mitzi@essca.eu
Emmey,Marden,18,Emmey.Marden@essca.eu
Myrtice,Kat,7,Myrtice.Kat@essca.eu
Juliane,Christal,17,Juliane.Christal@essca.eu
Clary,Kussell,19,Clary.Kussell@essca.eu
Carilyn,Obed,9,Carilyn.Obed@essca.eu
Albertina,Beebe,17,Albertina.Beebe@essca.eu
Wileen,Winnick,8,Wileen.Winnick@essca.eu
Mallory,Bergman,19,Mallory.Bergman@essca.eu
Annora,Durware,17,Annora.Durware@essca.eu
Nonnah,Carlson,19,Nonnah.Carlson@essca.eu
Evaleen,Joeann,19,Evaleen.Joeann@essca.eu
Brynna,Codding,7,Brynna.Codding@essca.eu
Taffy,Taima,19,Taffy.Taima@essca.eu
Florencia,Ricarda,19,Florencia.Ricarda@essca.eu
Marita,Allina,18,Marita.Allina@essca.eu
Kenna,Tacye,7,Kenna.Tacye@essca.eu
Amalie,McGrody,18,Amalie.McGrody@essca.eu
Gianina,Earlie,18,Gianina.Earlie@essca.eu
Tori,McCutcheon,9,Tori.McCutcheon@essca.eu
Vita,Belldas,9,Vita.Belldas@essca.eu
Paulita,Peg,18,Paulita.Peg@essca.eu
Gerianna,Darrell,18,Gerianna.Darrell@essca.eu
Jillayne,Truc,8,Jillayne.Truc@essca.eu
Dominga,Kendrick,18,Dominga.Kendrick@essca.eu
Fanchon,Liva,19,Fanchon.Liva@essca.eu
Aili,Sinegold,18,Aili.Sinegold@essca.eu
Renae,Parette,17,Renae.Parette@essca.eu
Etta,Muriel,7,Etta.Muriel@essca.eu
Theodora,Mintz,9,Theodora.Mintz@essca.eu
Ebonee,Billye,9,Ebonee.Billye@essca.eu
Zsa Zsa,Berriman,18,Zsa Zsa.Berriman@essca.eu
Minne,Brackely,9,Minne.Brackely@essca.eu
Selia,Grayce,19,Selia.Grayce@essca.eu
Jinny,Gillan,8,Jinny.Gillan@essca.eu
Norine,Pozzy,18,Norine.Pozzy@essca.eu
Dari,Boycey,7,Dari.Boycey@essca.eu
Mellicent,Erminia,19,Mellicent.Erminia@essca.eu
Arabel,Ledah,8,Arabel.Ledah@essca.eu
Sherrie,Ricarda,18,Sherrie.Ricarda@essca.eu
Jan,Beniamino,19,Jan.Beniamino@essca.eu
Mary,Kirbee,7,Mary.Kirbee@essca.eu
Raquela,Stefa,18,Raquela.Stefa@essca.eu
Chandra,Montgomery,8,Chandra.Montgomery@essca.eu
Kirbee,Jammal,17,Kirbee.Jammal@essca.eu
Fredericka,Mike,8,Fredericka.Mike@essca.eu
Lita,Ax,17,Lita.Ax@essca.eu
Rebeca,Tound,17,Rebeca.Tound@essca.eu
Madalyn,Allina,8,Madalyn.Allina@essca.eu
Glynnis,Melony,7,Glynnis.Melony@essca.eu
Ericka,Egbert,7,Ericka.Egbert@essca.eu
Alyda,Phaidra,19,Alyda.Phaidra@essca.eu
Felice,Nelsen,7,Felice.Nelsen@essca.eu
Suzette,Hedve,8,Suzette.Hedve@essca.eu
Adore,Hashim,8,Adore.Hashim@essca.eu
Konstance,Cosenza,9,Konstance.Cosenza@essca.eu
Kaia,McGrody,8,Kaia.McGrody@essca.eu
Glynnis,Joseph,7,Glynnis.Joseph@essca.eu
Theodora,Monk,8,Theodora.Monk@essca.eu
Jennica,Emerson,7,Jennica.Emerson@essca.eu
Brianna,Thema,17,Brianna.Thema@essca.eu
Vivia,Norrie,18,Vivia.Norrie@essca.eu
Gilda,Rozanna,9,Gilda.Rozanna@essca.eu
Justinn,Donoghue,19,Justinn.Donoghue@essca.eu
Estell,Septima,9,Estell.Septima@essca.eu
Adriana,Sheng,18,Adriana.Sheng@essca.eu
Sheree,Wooster,8,Sheree.Wooster@essca.eu
Rori,Drus,17,Rori.Drus@essca.eu
Ninnetta,Alarise,8,Ninnetta.Alarise@essca.eu
Dennie,Teddman,19,Dennie.Teddman@essca.eu
Meghann,Lindemann,17,Meghann.Lindemann@essca.eu
Rebeca,Forrer,19,Rebeca.Forrer@essca.eu
Zsa Zsa,Calhoun,17,Zsa Zsa.Calhoun@essca.eu
Willetta,Santoro,9,Willetta.Santoro@essca.eu
Nadine,MacIntosh,19,Nadine.MacIntosh@essca.eu
Anica,Anselmi,17,Anica.Anselmi@essca.eu
Jaclyn,Desai,9,Jaclyn.Desai@essca.eu
Tina,Carri,8,Tina.Carri@essca.eu
Hettie,Infield,19,Hettie.Infield@essca.eu
Oralee,Helfand,8,Oralee.Helfand@essca.eu
Aryn,Mathilde,8,Aryn.Mathilde@essca.eu
Inga,Jagir,7,Inga.Jagir@essca.eu
Gratia,Zola,17,Gratia.Zola@essca.eu
Gaylene,Tremayne,9,Gaylene.Tremayne@essca.eu
Brana,Celestine,8,Brana.Celestine@essca.eu
Robbi,Ashok,7,Robbi.Ashok@essca.eu
Darci,Dowski,9,Darci.Dowski@essca.eu
Jany,Pandolfi,8,Jany.Pandolfi@essca.eu
Libbie,Francene,7,Libbie.Francene@essca.eu
Grier,Letsou,9,Grier.Letsou@essca.eu
Diena,Joli,17,Diena.Joli@essca.eu
Louella,Schwejda,7,Louella.Schwejda@essca.eu
Mignon,Agle,18,Mignon.Agle@essca.eu
Paola,Ochs,17,Paola.Ochs@essca.eu
Susan,Poll,17,Susan.Poll@essca.eu
Rosanne,Belldas,18,Rosanne.Belldas@essca.eu
Daune,Latini,19,Daune.Latini@essca.eu
Edee,Jethro,8,Edee.Jethro@essca.eu
Nyssa,Maribeth,8,Nyssa.Maribeth@essca.eu
Lorie,Zetta,19,Lorie.Zetta@essca.eu
Rozele,Lynn,7,Rozele.Lynn@essca.eu
Kimberley,Pacorro,18,Kimberley.Pacorro@essca.eu
Brietta,Sigfrid,8,Brietta.Sigfrid@essca.eu
Tera,Milde,17,Tera.Milde@essca.eu
Dacia,Rona,8,Dacia.Rona@essca.eu
Addia,Irmine,8,Addia.Irmine@essca.eu
Grier,Christine,7,Grier.Christine@essca.eu
Elyssa,Modie,8,Elyssa.Modie@essca.eu
Lucy,Radu,17,Lucy.Radu@essca.eu
Arlena,Garrison,19,Arlena.Garrison@essca.eu
Tamqrah,Egbert,9,Tamqrah.Egbert@essca.eu
Nikki,Center,18,Nikki.Center@essca.eu
Ofilia,Isacco,7,Ofilia.Isacco@essca.eu
Sharlene,Harday,19,Sharlene.Harday@essca.eu
Dulcinea,Ricki,9,Dulcinea.Ricki@essca.eu
Tera,Eliathas,9,Tera.Eliathas@essca.eu
Sallie,Wittie,7,Sallie.Wittie@essca.eu
Wendi,Morehouse,7,Wendi.Morehouse@essca.eu
Letizia,Suanne,9,Letizia.Suanne@essca.eu
Fidelia,Mike,8,Fidelia.Mike@essca.eu
Grier,Carri,17,Grier.Carri@essca.eu
Brana,Mike,8,Brana.Mike@essca.eu
Vere,Johnsson,8,Vere.Johnsson@essca.eu
Adore,Maroney,8,Adore.Maroney@essca.eu
Candi,Wilkinson,7,Candi.Wilkinson@essca.eu
Christal,Frodi,7,Christal.Frodi@essca.eu
Meghann,Sherfield,7,Meghann.Sherfield@essca.eu
Gavrielle,Kare,9,Gavrielle.Kare@essca.eu
Dianemarie,Rosalba,19,Dianemarie.Rosalba@essca.eu
Gisela,Plato,8,Gisela.Plato@essca.eu
Doralynne,Urania,9,Doralynne.Urania@essca.eu
Nessie,Lytton,8,Nessie.Lytton@essca.eu
Valli,Ralfston,17,Valli.Ralfston@essca.eu
Tamqrah,Sibyls,17,Tamqrah.Sibyls@essca.eu
Audrie,Peg,17,Audrie.Peg@essca.eu
Roxane,Cullin,7,Roxane.Cullin@essca.eu
Gloria,Screens,18,Gloria.Screens@essca.eu
Augustine,Aprile,17,Augustine.Aprile@essca.eu
Dawn,Middleton,7,Dawn.Middleton@essca.eu
Joane,Fennessy,7,Joane.Fennessy@essca.eu
Margarette,Autrey,8,Margarette.Autrey@essca.eu
Abbie,Arvo,19,Abbie.Arvo@essca.eu
Donnie,Manolo,19,Donnie.Manolo@essca.eu
Caryl,Anestassia,19,Caryl.Anestassia@essca.eu
Georgetta,Bates,18,Georgetta.Bates@essca.eu
Correy,Strephon,9,Correy.Strephon@essca.eu
Corry,Gaal,19,Corry.Gaal@essca.eu
Betta,Letsou,18,Betta.Letsou@essca.eu
Alejandra,Alisia,8,Alejandra.Alisia@essca.eu
Liana,Gower,9,Liana.Gower@essca.eu
Allis,Lalitta,17,Allis.Lalitta@essca.eu
Georgetta,Ogren,17,Georgetta.Ogren@essca.eu
Janeczka,Kendrick,19,Janeczka.Kendrick@essca.eu
Jenilee,Norvol,8,Jenilee.Norvol@essca.eu
Sue,Estella,8,Sue.Estella@essca.eu
Tybie,Zitvaa,8,Tybie.Zitvaa@essca.eu
Dede,Francene,9,Dede.Francene@essca.eu
Selia,Ietta,8,Selia.Ietta@essca.eu
Melisent,Gilmour,9,Melisent.Gilmour@essca.eu
Agnese,Raffo,9,Agnese.Raffo@essca.eu
Marika,Warthman,7,Marika.Warthman@essca.eu
Lenna,Schlosser,9,Lenna.Schlosser@essca.eu
Penelopa,Roumell,9,Penelopa.Roumell@essca.eu
Molli,Sprage,8,Molli.Sprage@essca.eu
Rochette,Lilas,7,Rochette.Lilas@essca.eu
Albertina,Adrienne,19,Albertina.Adrienne@essca.eu
Renae,Deegan,19,Renae.Deegan@essca.eu
Bibby,O'Rourke,19,Bibby.O'Rourke@essca.eu
Andeee,Leopold,18,Andeee.Leopold@essca.eu
Desirae,Solitta,8,Desirae.Solitta@essca.eu
Raf,Rudolph,8,Raf.Rudolph@essca.eu
Aryn,Belanger,8,Aryn.Belanger@essca.eu
Rosaline,Flyn,18,Rosaline.Flyn@essca.eu
Raquela,Tillford,17,Raquela.Tillford@essca.eu
Althea,Hoban,8,Althea.Hoban@essca.eu
Krystle,Juan,9,Krystle.Juan@essca.eu
Molli,Ardeha,17,Molli.Ardeha@essca.eu
Latisha,Zitvaa,18,Latisha.Zitvaa@essca.eu
Rani,Afton,9,Rani.Afton@essca.eu
Leia,Kenwood,18,Leia.Kenwood@essca.eu
Aubrie,Tristram,18,Aubrie.Tristram@essca.eu
Alisha,Sigfrid,9,Alisha.Sigfrid@essca.eu
Frances,Romelda,18,Frances.Romelda@essca.eu
Di,Kirstin,17,Di.Kirstin@essca.eu
Barbara,Campball,19,Barbara.Campball@essca.eu
Britte,Thomasina,19,Britte.Thomasina@essca.eu
Rosene,Flyn,18,Rosene.Flyn@essca.eu
Correy,Warthman,9,Correy.Warthman@essca.eu
Cyb,Vharat,18,Cyb.Vharat@essca.eu
Marguerite,Wildermuth,8,Marguerite.Wildermuth@essca.eu
Charissa,Edmund,17,Charissa.Edmund@essca.eu
Elfreda,Mullane,8,Elfreda.Mullane@essca.eu
Melodie,Yuille,8,Melodie.Yuille@essca.eu
Ginnie,Zeeba,8,Ginnie.Zeeba@essca.eu
Meriel,Cyrie,18,Meriel.Cyrie@essca.eu
Jacenta,Mike,7,Jacenta.Mike@essca.eu
Shell,Nickola,19,Shell.Nickola@essca.eu
Ilse,Warthman,18,Ilse.Warthman@essca.eu
Kirstin,Kat,17,Kirstin.Kat@essca.eu
Mireielle,Bartlett,19,Mireielle.Bartlett@essca.eu
Oralee,Mullane,8,Oralee.Mullane@essca.eu
Keelia,Skell,7,Keelia.Skell@essca.eu
Violet,Mich,19,Violet.Mich@essca.eu
Ginnie,Terrence,17,Ginnie.Terrence@essca.eu
Sharlene,Gwenore,19,Sharlene.Gwenore@essca.eu
Merci,Afton,7,Merci.Afton@essca.eu
Cindelyn,Loeb,9,Cindelyn.Loeb@essca.eu
Tressa,Florina,7,Tressa.Florina@essca.eu
Flo,Anderea,18,Flo.Anderea@essca.eu
Riannon,Dichy,18,Riannon.Dichy@essca.eu
Alia,Creamer,19,Alia.Creamer@essca.eu
Nananne,Pond,18,Nananne.Pond@essca.eu
